"","Treatments","survivals","adultsNO","Date","DayCount","Adults","Mortality","mortality (%)"
"1","B.bassiana",7,0,2020-09-01,1,0,0,0
"2","B.bassiana",7,0,2020-09-01,1,0,0,0
"3","B.bassiana",7,0,2020-09-01,1,0,0,0
"4","B.bassiana",7,0,2020-09-01,1,0,0,0
"5","B.bassiana",7,0,2020-09-01,1,0,0,0
"6","B.bassiana",7,0,2020-09-01,1,0,0,0
"7","B.bassiana",7,0,2020-09-01,1,0,0,0
"8","B.bassiana",7,0,2020-09-01,1,0,0,0
"9","B.bassiana",7,0,2020-09-01,1,0,0,0
"10","B.bassiana",7,0,2020-09-01,1,0,0,0
"11","B.bassiana",7,0,2020-09-01,1,0,0,0
"12","B.bassiana",7,0,2020-09-01,1,0,0,0
"13","B.bassiana",7,0,2020-09-01,1,0,0,0
"14","B.bassiana",7,0,2020-09-01,1,0,0,0
"15","B.bassiana",7,0,2020-09-01,1,0,0,0
"16","BotaniGard",6,0,2020-09-01,1,0,1,0.142857142857143
"17","BotaniGard",6,4,2020-09-01,1,57.1428571428571,1,0.142857142857143
"18","BotaniGard",5,0,2020-09-01,1,0,2,0.285714285714286
"19","BotaniGard",6,0,2020-09-01,1,0,1,0.142857142857143
"20","BotaniGard",6,1,2020-09-01,1,14.2857142857143,1,0.142857142857143
"21","BotaniGard",6,0,2020-09-01,1,0,1,0.142857142857143
"22","BotaniGard",6,2,2020-09-01,1,28.5714285714286,1,0.142857142857143
"23","BotaniGard",6,0,2020-09-01,1,0,1,0.142857142857143
"24","BotaniGard",4,2,2020-09-01,1,28.5714285714286,3,0.428571428571429
"25","BotaniGard",7,2,2020-09-01,1,28.5714285714286,0,0
"26","BotaniGard",6,0,2020-09-01,1,0,1,0.142857142857143
"27","BotaniGard",7,4,2020-09-01,1,57.1428571428571,0,0
"28","BotaniGard",6,1,2020-09-01,1,14.2857142857143,1,0.142857142857143
"29","BotaniGard",5,0,2020-09-01,1,0,2,0.285714285714286
"30","BotaniGard",5,1,2020-09-01,1,14.2857142857143,2,0.285714285714286
"31","C1",7,0,2020-09-01,1,0,0,0
"32","C1",7,0,2020-09-01,1,0,0,0
"33","C1",7,0,2020-09-01,1,0,0,0
"34","C1",7,0,2020-09-01,1,0,0,0
"35","C1",7,0,2020-09-01,1,0,0,0
"36","C1",7,0,2020-09-01,1,0,0,0
"37","C1",7,0,2020-09-01,1,0,0,0
"38","C1",7,0,2020-09-01,1,0,0,0
"39","C1",7,0,2020-09-01,1,0,0,0
"40","C1",7,0,2020-09-01,1,0,0,0
"41","C1",7,0,2020-09-01,1,0,0,0
"42","C1",7,0,2020-09-01,1,0,0,0
"43","C1",7,0,2020-09-01,1,0,0,0
"44","C1",7,0,2020-09-01,1,0,0,0
"45","C1",7,0,2020-09-01,1,0,0,0
"46","C2",7,0,2020-09-01,1,0,0,0
"47","C2",7,0,2020-09-01,1,0,0,0
"48","C2",7,0,2020-09-01,1,0,0,0
"49","C2",7,0,2020-09-01,1,0,0,0
"50","C2",7,0,2020-09-01,1,0,0,0
"51","C2",7,0,2020-09-01,1,0,0,0
"52","C2",7,0,2020-09-01,1,0,0,0
"53","C2",7,0,2020-09-01,1,0,0,0
"54","C2",7,0,2020-09-01,1,0,0,0
"55","C2",7,0,2020-09-01,1,0,0,0
"56","C2",7,0,2020-09-01,1,0,0,0
"57","C2",7,0,2020-09-01,1,0,0,0
"58","C2",7,0,2020-09-01,1,0,0,0
"59","C2",7,0,2020-09-01,1,0,0,0
"60","C2",7,0,2020-09-01,1,0,0,0
"61","C3",7,0,2020-09-01,1,0,0,0
"62","C3",7,0,2020-09-01,1,0,0,0
"63","C3",7,0,2020-09-01,1,0,0,0
"64","C3",7,0,2020-09-01,1,0,0,0
"65","C3",7,0,2020-09-01,1,0,0,0
"66","C3",7,0,2020-09-01,1,0,0,0
"67","C3",7,0,2020-09-01,1,0,0,0
"68","C3",7,0,2020-09-01,1,0,0,0
"69","C3",7,0,2020-09-01,1,0,0,0
"70","C3",7,0,2020-09-01,1,0,0,0
"71","C3",7,0,2020-09-01,1,0,0,0
"72","C3",7,0,2020-09-01,1,0,0,0
"73","C3",7,0,2020-09-01,1,0,0,0
"74","C3",7,0,2020-09-01,1,0,0,0
"75","C3",7,0,2020-09-01,1,0,0,0
"76","MycoMillet15",7,0,2020-09-01,1,0,0,0
"77","MycoMillet15",7,0,2020-09-01,1,0,0,0
"78","MycoMillet15",7,0,2020-09-01,1,0,0,0
"79","MycoMillet15",7,0,2020-09-01,1,0,0,0
"80","MycoMillet15",7,0,2020-09-01,1,0,0,0
"81","MycoMillet15",7,0,2020-09-01,1,0,0,0
"82","MycoMillet15",7,0,2020-09-01,1,0,0,0
"83","MycoMillet15",7,0,2020-09-01,1,0,0,0
"84","MycoMillet15",7,0,2020-09-01,1,0,0,0
"85","MycoMillet15",7,0,2020-09-01,1,0,0,0
"86","MycoMillet15",7,0,2020-09-01,1,0,0,0
"87","MycoMillet15",7,0,2020-09-01,1,0,0,0
"88","MycoMillet15",7,0,2020-09-01,1,0,0,0
"89","MycoMillet15",7,0,2020-09-01,1,0,0,0
"90","MycoMillet15",7,0,2020-09-01,1,0,0,0
"91","MycoMillet25",7,0,2020-09-01,1,0,0,0
"92","MycoMillet25",7,0,2020-09-01,1,0,0,0
"93","MycoMillet25",7,0,2020-09-01,1,0,0,0
"94","MycoMillet25",7,0,2020-09-01,1,0,0,0
"95","MycoMillet25",7,0,2020-09-01,1,0,0,0
"96","MycoMillet25",7,0,2020-09-01,1,0,0,0
"97","MycoMillet25",7,0,2020-09-01,1,0,0,0
"98","MycoMillet25",7,0,2020-09-01,1,0,0,0
"99","MycoMillet25",7,0,2020-09-01,1,0,0,0
"100","MycoMillet25",7,0,2020-09-01,1,0,0,0
"101","MycoMillet25",7,0,2020-09-01,1,0,0,0
"102","MycoMillet25",7,0,2020-09-01,1,0,0,0
"103","MycoMillet25",7,0,2020-09-01,1,0,0,0
"104","MycoMillet25",7,0,2020-09-01,1,0,0,0
"105","MycoMillet25",7,0,2020-09-01,1,0,0,0
"106","B.bassiana",5,0,2020-09-10,2,0,2,0.285714285714286
"107","B.bassiana",7,1,2020-09-10,2,14.2857142857143,0,0
"108","B.bassiana",2,0,2020-09-10,2,0,5,0.714285714285714
"109","B.bassiana",5,1,2020-09-10,2,14.2857142857143,2,0.285714285714286
"110","B.bassiana",5,0,2020-09-10,2,0,2,0.285714285714286
"111","B.bassiana",6,0,2020-09-10,2,0,1,0.142857142857143
"112","B.bassiana",5,0,2020-09-10,2,0,2,0.285714285714286
"113","B.bassiana",7,0,2020-09-10,2,0,0,0
"114","B.bassiana",4,0,2020-09-10,2,0,3,0.428571428571429
"115","B.bassiana",5,0,2020-09-10,2,0,2,0.285714285714286
"116","B.bassiana",2,0,2020-09-10,2,0,5,0.714285714285714
"117","B.bassiana",6,0,2020-09-10,2,0,1,0.142857142857143
"118","B.bassiana",5,0,2020-09-10,2,0,2,0.285714285714286
"119","B.bassiana",5,0,2020-09-10,2,0,2,0.285714285714286
"120","B.bassiana",6,0,2020-09-10,2,0,1,0.142857142857143
"121","BotaniGard",6,0,2020-09-10,2,0,1,0.142857142857143
"122","BotaniGard",6,4,2020-09-10,2,57.1428571428571,1,0.142857142857143
"123","BotaniGard",5,0,2020-09-10,2,0,2,0.285714285714286
"124","BotaniGard",6,0,2020-09-10,2,0,1,0.142857142857143
"125","BotaniGard",6,1,2020-09-10,2,14.2857142857143,1,0.142857142857143
"126","BotaniGard",6,0,2020-09-10,2,0,1,0.142857142857143
"127","BotaniGard",6,2,2020-09-10,2,28.5714285714286,1,0.142857142857143
"128","BotaniGard",6,0,2020-09-10,2,0,1,0.142857142857143
"129","BotaniGard",4,2,2020-09-10,2,28.5714285714286,3,0.428571428571429
"130","BotaniGard",7,2,2020-09-10,2,28.5714285714286,0,0
"131","BotaniGard",6,0,2020-09-10,2,0,1,0.142857142857143
"132","BotaniGard",7,4,2020-09-10,2,57.1428571428571,0,0
"133","BotaniGard",6,1,2020-09-10,2,14.2857142857143,1,0.142857142857143
"134","BotaniGard",5,0,2020-09-10,2,0,2,0.285714285714286
"135","BotaniGard",5,1,2020-09-10,2,14.2857142857143,2,0.285714285714286
"136","C1",6,0,2020-09-10,2,0,1,0.142857142857143
"137","C1",5,0,2020-09-10,2,0,2,0.285714285714286
"138","C1",7,1,2020-09-10,2,14.2857142857143,0,0
"139","C1",7,0,2020-09-10,2,0,0,0
"140","C1",6,2,2020-09-10,2,28.5714285714286,1,0.142857142857143
"141","C1",6,2,2020-09-10,2,28.5714285714286,1,0.142857142857143
"142","C1",7,3,2020-09-10,2,42.8571428571429,0,0
"143","C1",7,1,2020-09-10,2,14.2857142857143,0,0
"144","C1",7,1,2020-09-10,2,14.2857142857143,0,0
"145","C1",5,0,2020-09-10,2,0,2,0.285714285714286
"146","C1",7,1,2020-09-10,2,14.2857142857143,0,0
"147","C1",7,0,2020-09-10,2,0,0,0
"148","C1",7,1,2020-09-10,2,14.2857142857143,0,0
"149","C1",7,2,2020-09-10,2,28.5714285714286,0,0
"150","C1",7,0,2020-09-10,2,0,0,0
"151","C2",6,2,2020-09-10,2,28.5714285714286,1,0.142857142857143
"152","C2",7,1,2020-09-10,2,14.2857142857143,0,0
"153","C2",7,2,2020-09-10,2,28.5714285714286,0,0
"154","C2",5,2,2020-09-10,2,28.5714285714286,2,0.285714285714286
"155","C2",5,0,2020-09-10,2,0,2,0.285714285714286
"156","C2",7,1,2020-09-10,2,14.2857142857143,0,0
"157","C2",7,1,2020-09-10,2,14.2857142857143,0,0
"158","C2",6,2,2020-09-10,2,28.5714285714286,1,0.142857142857143
"159","C2",7,2,2020-09-10,2,28.5714285714286,0,0
"160","C2",7,0,2020-09-10,2,0,0,0
"161","C2",7,2,2020-09-10,2,28.5714285714286,0,0
"162","C2",5,3,2020-09-10,2,42.8571428571429,2,0.285714285714286
"163","C2",6,1,2020-09-10,2,14.2857142857143,1,0.142857142857143
"164","C2",7,3,2020-09-10,2,42.8571428571429,0,0
"165","C2",5,0,2020-09-10,2,0,2,0.285714285714286
"166","C3",7,1,2020-09-10,2,14.2857142857143,0,0
"167","C3",6,1,2020-09-10,2,14.2857142857143,1,0.142857142857143
"168","C3",6,3,2020-09-10,2,42.8571428571429,1,0.142857142857143
"169","C3",6,2,2020-09-10,2,28.5714285714286,1,0.142857142857143
"170","C3",7,2,2020-09-10,2,28.5714285714286,0,0
"171","C3",7,1,2020-09-10,2,14.2857142857143,0,0
"172","C3",5,2,2020-09-10,2,28.5714285714286,2,0.285714285714286
"173","C3",6,2,2020-09-10,2,28.5714285714286,1,0.142857142857143
"174","C3",7,1,2020-09-10,2,14.2857142857143,0,0
"175","C3",6,1,2020-09-10,2,14.2857142857143,1,0.142857142857143
"176","C3",7,1,2020-09-10,2,14.2857142857143,0,0
"177","C3",7,4,2020-09-10,2,57.1428571428571,0,0
"178","C3",7,1,2020-09-10,2,14.2857142857143,0,0
"179","C3",7,3,2020-09-10,2,42.8571428571429,0,0
"180","C3",5,0,2020-09-10,2,0,2,0.285714285714286
"181","MycoMillet15",6,1,2020-09-10,2,14.2857142857143,1,0.142857142857143
"182","MycoMillet15",7,0,2020-09-10,2,0,0,0
"183","MycoMillet15",7,1,2020-09-10,2,14.2857142857143,0,0
"184","MycoMillet15",5,0,2020-09-10,2,0,2,0.285714285714286
"185","MycoMillet15",7,1,2020-09-10,2,14.2857142857143,0,0
"186","MycoMillet15",7,2,2020-09-10,2,28.5714285714286,0,0
"187","MycoMillet15",4,0,2020-09-10,2,0,3,0.428571428571429
"188","MycoMillet15",6,0,2020-09-10,2,0,1,0.142857142857143
"189","MycoMillet15",7,1,2020-09-10,2,14.2857142857143,0,0
"190","MycoMillet15",7,2,2020-09-10,2,28.5714285714286,0,0
"191","MycoMillet15",7,1,2020-09-10,2,14.2857142857143,0,0
"192","MycoMillet15",6,1,2020-09-10,2,14.2857142857143,1,0.142857142857143
"193","MycoMillet15",7,0,2020-09-10,2,0,0,0
"194","MycoMillet15",5,0,2020-09-10,2,0,2,0.285714285714286
"195","MycoMillet15",6,0,2020-09-10,2,0,1,0.142857142857143
"196","MycoMillet25",7,0,2020-09-10,2,0,0,0
"197","MycoMillet25",6,1,2020-09-10,2,14.2857142857143,1,0.142857142857143
"198","MycoMillet25",2,1,2020-09-10,2,14.2857142857143,5,0.714285714285714
"199","MycoMillet25",6,0,2020-09-10,2,0,1,0.142857142857143
"200","MycoMillet25",5,0,2020-09-10,2,0,2,0.285714285714286
"201","MycoMillet25",3,0,2020-09-10,2,0,4,0.571428571428571
"202","MycoMillet25",6,1,2020-09-10,2,14.2857142857143,1,0.142857142857143
"203","MycoMillet25",5,0,2020-09-10,2,0,2,0.285714285714286
"204","MycoMillet25",6,3,2020-09-10,2,42.8571428571429,1,0.142857142857143
"205","MycoMillet25",3,0,2020-09-10,2,0,4,0.571428571428571
"206","MycoMillet25",5,1,2020-09-10,2,14.2857142857143,2,0.285714285714286
"207","MycoMillet25",6,0,2020-09-10,2,0,1,0.142857142857143
"208","MycoMillet25",4,0,2020-09-10,2,0,3,0.428571428571429
"209","MycoMillet25",7,0,2020-09-10,2,0,0,0
"210","MycoMillet25",6,0,2020-09-10,2,0,1,0.142857142857143
"211","B.bassiana",1,0,2020-09-13,3,0,6,0.857142857142857
"212","B.bassiana",5,1,2020-09-13,3,14.2857142857143,2,0.285714285714286
"213","B.bassiana",0,0,2020-09-13,3,0,7,1
"214","B.bassiana",3,1,2020-09-13,3,14.2857142857143,4,0.571428571428571
"215","B.bassiana",4,0,2020-09-13,3,0,3,0.428571428571429
"216","B.bassiana",4,0,2020-09-13,3,0,3,0.428571428571429
"217","B.bassiana",5,1,2020-09-13,3,14.2857142857143,2,0.285714285714286
"218","B.bassiana",5,1,2020-09-13,3,14.2857142857143,2,0.285714285714286
"219","B.bassiana",3,0,2020-09-13,3,0,4,0.571428571428571
"220","B.bassiana",5,0,2020-09-13,3,0,2,0.285714285714286
"221","B.bassiana",1,0,2020-09-13,3,0,6,0.857142857142857
"222","B.bassiana",4,0,2020-09-13,3,0,3,0.428571428571429
"223","B.bassiana",4,0,2020-09-13,3,0,3,0.428571428571429
"224","B.bassiana",5,0,2020-09-13,3,0,2,0.285714285714286
"225","B.bassiana",5,0,2020-09-13,3,0,2,0.285714285714286
"226","BotaniGard",5,3,2020-09-13,3,42.8571428571429,2,0.285714285714286
"227","BotaniGard",6,1,2020-09-13,3,14.2857142857143,1,0.142857142857143
"228","BotaniGard",5,0,2020-09-13,3,0,2,0.285714285714286
"229","BotaniGard",6,3,2020-09-13,3,42.8571428571429,1,0.142857142857143
"230","BotaniGard",6,1,2020-09-13,3,14.2857142857143,1,0.142857142857143
"231","BotaniGard",6,0,2020-09-13,3,0,1,0.142857142857143
"232","BotaniGard",6,3,2020-09-13,3,42.8571428571429,1,0.142857142857143
"233","BotaniGard",6,0,2020-09-13,3,0,1,0.142857142857143
"234","BotaniGard",4,2,2020-09-13,3,28.5714285714286,3,0.428571428571429
"235","BotaniGard",6,3,2020-09-13,3,42.8571428571429,1,0.142857142857143
"236","BotaniGard",5,3,2020-09-13,3,42.8571428571429,2,0.285714285714286
"237","BotaniGard",7,4,2020-09-13,3,57.1428571428571,0,0
"238","BotaniGard",6,2,2020-09-13,3,28.5714285714286,1,0.142857142857143
"239","BotaniGard",5,0,2020-09-13,3,0,2,0.285714285714286
"240","BotaniGard",5,3,2020-09-13,3,42.8571428571429,2,0.285714285714286
"241","C1",3,1,2020-09-13,3,14.2857142857143,4,0.571428571428571
"242","C1",5,0,2020-09-13,3,0,2,0.285714285714286
"243","C1",7,3,2020-09-13,3,42.8571428571429,0,0
"244","C1",7,0,2020-09-13,3,0,0,0
"245","C1",5,3,2020-09-13,3,42.8571428571429,2,0.285714285714286
"246","C1",6,2,2020-09-13,3,28.5714285714286,1,0.142857142857143
"247","C1",7,4,2020-09-13,3,57.1428571428571,0,0
"248","C1",7,2,2020-09-13,3,28.5714285714286,0,0
"249","C1",7,2,2020-09-13,3,28.5714285714286,0,0
"250","C1",5,0,2020-09-13,3,0,2,0.285714285714286
"251","C1",7,1,2020-09-13,3,14.2857142857143,0,0
"252","C1",7,0,2020-09-13,3,0,0,0
"253","C1",7,1,2020-09-13,3,14.2857142857143,0,0
"254","C1",7,3,2020-09-13,3,42.8571428571429,0,0
"255","C1",7,1,2020-09-13,3,14.2857142857143,0,0
"256","C2",6,2,2020-09-13,3,28.5714285714286,1,0.142857142857143
"257","C2",7,2,2020-09-13,3,28.5714285714286,0,0
"258","C2",7,4,2020-09-13,3,57.1428571428571,0,0
"259","C2",5,3,2020-09-13,3,42.8571428571429,2,0.285714285714286
"260","C2",5,0,2020-09-13,3,0,2,0.285714285714286
"261","C2",7,2,2020-09-13,3,28.5714285714286,0,0
"262","C2",7,4,2020-09-13,3,57.1428571428571,0,0
"263","C2",6,2,2020-09-13,3,28.5714285714286,1,0.142857142857143
"264","C2",7,2,2020-09-13,3,28.5714285714286,0,0
"265","C2",7,1,2020-09-13,3,14.2857142857143,0,0
"266","C2",7,3,2020-09-13,3,42.8571428571429,0,0
"267","C2",5,3,2020-09-13,3,42.8571428571429,2,0.285714285714286
"268","C2",6,2,2020-09-13,3,28.5714285714286,1,0.142857142857143
"269","C2",7,4,2020-09-13,3,57.1428571428571,0,0
"270","C2",5,1,2020-09-13,3,14.2857142857143,2,0.285714285714286
"271","C3",6,2,2020-09-13,3,28.5714285714286,1,0.142857142857143
"272","C3",6,1,2020-09-13,3,14.2857142857143,1,0.142857142857143
"273","C3",6,3,2020-09-13,3,42.8571428571429,1,0.142857142857143
"274","C3",6,2,2020-09-13,3,28.5714285714286,1,0.142857142857143
"275","C3",6,2,2020-09-13,3,28.5714285714286,1,0.142857142857143
"276","C3",7,1,2020-09-13,3,14.2857142857143,0,0
"277","C3",5,2,2020-09-13,3,28.5714285714286,2,0.285714285714286
"278","C3",6,3,2020-09-13,3,42.8571428571429,1,0.142857142857143
"279","C3",7,3,2020-09-13,3,42.8571428571429,0,0
"280","C3",6,2,2020-09-13,3,28.5714285714286,1,0.142857142857143
"281","C3",7,1,2020-09-13,3,14.2857142857143,0,0
"282","C3",7,4,2020-09-13,3,57.1428571428571,0,0
"283","C3",7,2,2020-09-13,3,28.5714285714286,0,0
"284","C3",7,4,2020-09-13,3,57.1428571428571,0,0
"285","C3",4,0,2020-09-13,3,0,3,0.428571428571429
"286","MycoMillet15",6,2,2020-09-13,3,28.5714285714286,1,0.142857142857143
"287","MycoMillet15",7,1,2020-09-13,3,14.2857142857143,0,0
"288","MycoMillet15",7,2,2020-09-13,3,28.5714285714286,0,0
"289","MycoMillet15",5,1,2020-09-13,3,14.2857142857143,2,0.285714285714286
"290","MycoMillet15",7,2,2020-09-13,3,28.5714285714286,0,0
"291","MycoMillet15",6,4,2020-09-13,3,57.1428571428571,1,0.142857142857143
"292","MycoMillet15",3,0,2020-09-13,3,0,4,0.571428571428571
"293","MycoMillet15",5,0,2020-09-13,3,0,2,0.285714285714286
"294","MycoMillet15",5,2,2020-09-13,3,28.5714285714286,2,0.285714285714286
"295","MycoMillet15",7,3,2020-09-13,3,42.8571428571429,0,0
"296","MycoMillet15",7,0,2020-09-13,3,0,0,0
"297","MycoMillet15",6,1,2020-09-13,3,14.2857142857143,1,0.142857142857143
"298","MycoMillet15",6,1,2020-09-13,3,14.2857142857143,1,0.142857142857143
"299","MycoMillet15",5,0,2020-09-13,3,0,2,0.285714285714286
"300","MycoMillet15",5,0,2020-09-13,3,0,2,0.285714285714286
"301","MycoMillet25",6,1,2020-09-13,3,14.2857142857143,1,0.142857142857143
"302","MycoMillet25",5,1,2020-09-13,3,14.2857142857143,2,0.285714285714286
"303","MycoMillet25",1,0,2020-09-13,3,0,6,0.857142857142857
"304","MycoMillet25",3,0,2020-09-13,3,0,4,0.571428571428571
"305","MycoMillet25",3,0,2020-09-13,3,0,4,0.571428571428571
"306","MycoMillet25",2,0,2020-09-13,3,0,5,0.714285714285714
"307","MycoMillet25",6,3,2020-09-13,3,42.8571428571429,1,0.142857142857143
"308","MycoMillet25",5,2,2020-09-13,3,28.5714285714286,2,0.285714285714286
"309","MycoMillet25",6,4,2020-09-13,3,57.1428571428571,1,0.142857142857143
"310","MycoMillet25",2,0,2020-09-13,3,0,5,0.714285714285714
"311","MycoMillet25",5,1,2020-09-13,3,14.2857142857143,2,0.285714285714286
"312","MycoMillet25",6,3,2020-09-13,3,42.8571428571429,1,0.142857142857143
"313","MycoMillet25",2,0,2020-09-13,3,0,5,0.714285714285714
"314","MycoMillet25",6,0,2020-09-13,3,0,1,0.142857142857143
"315","MycoMillet25",6,1,2020-09-13,3,14.2857142857143,1,0.142857142857143
"316","B.bassiana",1,0,2020-09-17,4,0,6,0.857142857142857
"317","B.bassiana",5,1,2020-09-17,4,14.2857142857143,2,0.285714285714286
"318","B.bassiana",0,0,2020-09-17,4,0,7,1
"319","B.bassiana",3,1,2020-09-17,4,14.2857142857143,4,0.571428571428571
"320","B.bassiana",4,0,2020-09-17,4,0,3,0.428571428571429
"321","B.bassiana",4,0,2020-09-17,4,0,3,0.428571428571429
"322","B.bassiana",5,1,2020-09-17,4,14.2857142857143,2,0.285714285714286
"323","B.bassiana",5,1,2020-09-17,4,14.2857142857143,2,0.285714285714286
"324","B.bassiana",3,0,2020-09-17,4,0,4,0.571428571428571
"325","B.bassiana",5,0,2020-09-17,4,0,2,0.285714285714286
"326","B.bassiana",1,0,2020-09-17,4,0,6,0.857142857142857
"327","B.bassiana",4,0,2020-09-17,4,0,3,0.428571428571429
"328","B.bassiana",4,0,2020-09-17,4,0,3,0.428571428571429
"329","B.bassiana",5,0,2020-09-17,4,0,2,0.285714285714286
"330","B.bassiana",5,0,2020-09-17,4,0,2,0.285714285714286
"331","BotaniGard",5,3,2020-09-17,4,42.8571428571429,2,0.285714285714286
"332","BotaniGard",6,1,2020-09-17,4,14.2857142857143,1,0.142857142857143
"333","BotaniGard",5,0,2020-09-17,4,0,2,0.285714285714286
"334","BotaniGard",6,3,2020-09-17,4,42.8571428571429,1,0.142857142857143
"335","BotaniGard",6,1,2020-09-17,4,14.2857142857143,1,0.142857142857143
"336","BotaniGard",6,0,2020-09-17,4,0,1,0.142857142857143
"337","BotaniGard",6,3,2020-09-17,4,42.8571428571429,1,0.142857142857143
"338","BotaniGard",6,0,2020-09-17,4,0,1,0.142857142857143
"339","BotaniGard",4,2,2020-09-17,4,28.5714285714286,3,0.428571428571429
"340","BotaniGard",6,3,2020-09-17,4,42.8571428571429,1,0.142857142857143
"341","BotaniGard",5,3,2020-09-17,4,42.8571428571429,2,0.285714285714286
"342","BotaniGard",7,4,2020-09-17,4,57.1428571428571,0,0
"343","BotaniGard",6,2,2020-09-17,4,28.5714285714286,1,0.142857142857143
"344","BotaniGard",5,0,2020-09-17,4,0,2,0.285714285714286
"345","BotaniGard",5,3,2020-09-17,4,42.8571428571429,2,0.285714285714286
"346","C1",3,1,2020-09-17,4,14.2857142857143,4,0.571428571428571
"347","C1",5,0,2020-09-17,4,0,2,0.285714285714286
"348","C1",7,3,2020-09-17,4,42.8571428571429,0,0
"349","C1",7,0,2020-09-17,4,0,0,0
"350","C1",5,3,2020-09-17,4,42.8571428571429,2,0.285714285714286
"351","C1",6,3,2020-09-17,4,42.8571428571429,1,0.142857142857143
"352","C1",7,4,2020-09-17,4,57.1428571428571,0,0
"353","C1",7,2,2020-09-17,4,28.5714285714286,0,0
"354","C1",7,2,2020-09-17,4,28.5714285714286,0,0
"355","C1",5,0,2020-09-17,4,0,2,0.285714285714286
"356","C1",7,1,2020-09-17,4,14.2857142857143,0,0
"357","C1",7,0,2020-09-17,4,0,0,0
"358","C1",7,1,2020-09-17,4,14.2857142857143,0,0
"359","C1",6,3,2020-09-17,4,42.8571428571429,1,0.142857142857143
"360","C1",7,1,2020-09-17,4,14.2857142857143,0,0
"361","C2",6,2,2020-09-17,4,28.5714285714286,1,0.142857142857143
"362","C2",7,2,2020-09-17,4,28.5714285714286,0,0
"363","C2",7,4,2020-09-17,4,57.1428571428571,0,0
"364","C2",5,3,2020-09-17,4,42.8571428571429,2,0.285714285714286
"365","C2",5,0,2020-09-17,4,0,2,0.285714285714286
"366","C2",7,2,2020-09-17,4,28.5714285714286,0,0
"367","C2",7,4,2020-09-17,4,57.1428571428571,0,0
"368","C2",6,2,2020-09-17,4,28.5714285714286,1,0.142857142857143
"369","C2",7,2,2020-09-17,4,28.5714285714286,0,0
"370","C2",7,1,2020-09-17,4,14.2857142857143,0,0
"371","C2",7,3,2020-09-17,4,42.8571428571429,0,0
"372","C2",5,3,2020-09-17,4,42.8571428571429,2,0.285714285714286
"373","C2",6,2,2020-09-17,4,28.5714285714286,1,0.142857142857143
"374","C2",7,4,2020-09-17,4,57.1428571428571,0,0
"375","C2",5,1,2020-09-17,4,14.2857142857143,2,0.285714285714286
"376","C3",6,2,2020-09-17,4,28.5714285714286,1,0.142857142857143
"377","C3",6,1,2020-09-17,4,14.2857142857143,1,0.142857142857143
"378","C3",6,3,2020-09-17,4,42.8571428571429,1,0.142857142857143
"379","C3",6,2,2020-09-17,4,28.5714285714286,1,0.142857142857143
"380","C3",6,3,2020-09-17,4,42.8571428571429,1,0.142857142857143
"381","C3",7,1,2020-09-17,4,14.2857142857143,0,0
"382","C3",5,2,2020-09-17,4,28.5714285714286,2,0.285714285714286
"383","C3",6,3,2020-09-17,4,42.8571428571429,1,0.142857142857143
"384","C3",7,3,2020-09-17,4,42.8571428571429,0,0
"385","C3",6,2,2020-09-17,4,28.5714285714286,1,0.142857142857143
"386","C3",7,1,2020-09-17,4,14.2857142857143,0,0
"387","C3",7,4,2020-09-17,4,57.1428571428571,0,0
"388","C3",7,2,2020-09-17,4,28.5714285714286,0,0
"389","C3",7,4,2020-09-17,4,57.1428571428571,0,0
"390","C3",4,0,2020-09-17,4,0,3,0.428571428571429
"391","MycoMillet15",6,2,2020-09-17,4,28.5714285714286,1,0.142857142857143
"392","MycoMillet15",7,1,2020-09-17,4,14.2857142857143,0,0
"393","MycoMillet15",7,2,2020-09-17,4,28.5714285714286,0,0
"394","MycoMillet15",5,1,2020-09-17,4,14.2857142857143,2,0.285714285714286
"395","MycoMillet15",7,2,2020-09-17,4,28.5714285714286,0,0
"396","MycoMillet15",6,4,2020-09-17,4,57.1428571428571,1,0.142857142857143
"397","MycoMillet15",3,0,2020-09-17,4,0,4,0.571428571428571
"398","MycoMillet15",5,0,2020-09-17,4,0,2,0.285714285714286
"399","MycoMillet15",5,2,2020-09-17,4,28.5714285714286,2,0.285714285714286
"400","MycoMillet15",7,3,2020-09-17,4,42.8571428571429,0,0
"401","MycoMillet15",7,0,2020-09-17,4,0,0,0
"402","MycoMillet15",6,1,2020-09-17,4,14.2857142857143,1,0.142857142857143
"403","MycoMillet15",6,1,2020-09-17,4,14.2857142857143,1,0.142857142857143
"404","MycoMillet15",5,0,2020-09-17,4,0,2,0.285714285714286
"405","MycoMillet15",5,0,2020-09-17,4,0,2,0.285714285714286
"406","MycoMillet25",6,1,2020-09-17,4,14.2857142857143,1,0.142857142857143
"407","MycoMillet25",5,1,2020-09-17,4,14.2857142857143,2,0.285714285714286
"408","MycoMillet25",1,0,2020-09-17,4,0,6,0.857142857142857
"409","MycoMillet25",3,0,2020-09-17,4,0,4,0.571428571428571
"410","MycoMillet25",3,0,2020-09-17,4,0,4,0.571428571428571
"411","MycoMillet25",2,0,2020-09-17,4,0,5,0.714285714285714
"412","MycoMillet25",6,3,2020-09-17,4,42.8571428571429,1,0.142857142857143
"413","MycoMillet25",5,2,2020-09-17,4,28.5714285714286,2,0.285714285714286
"414","MycoMillet25",6,4,2020-09-17,4,57.1428571428571,1,0.142857142857143
"415","MycoMillet25",2,0,2020-09-17,4,0,5,0.714285714285714
"416","MycoMillet25",5,1,2020-09-17,4,14.2857142857143,2,0.285714285714286
"417","MycoMillet25",6,3,2020-09-17,4,42.8571428571429,1,0.142857142857143
"418","MycoMillet25",2,0,2020-09-17,4,0,5,0.714285714285714
"419","MycoMillet25",6,0,2020-09-17,4,0,1,0.142857142857143
"420","MycoMillet25",6,1,2020-09-17,4,14.2857142857143,1,0.142857142857143
"421","B.bassiana",0,0,2020-09-19,5,0,7,1
"422","B.bassiana",0,0,2020-09-19,5,0,7,1
"423","B.bassiana",0,0,2020-09-19,5,0,7,1
"424","B.bassiana",3,1,2020-09-19,5,14.2857142857143,4,0.571428571428571
"425","B.bassiana",3,0,2020-09-19,5,0,4,0.571428571428571
"426","B.bassiana",1,0,2020-09-19,5,0,6,0.857142857142857
"427","B.bassiana",4,1,2020-09-19,5,14.2857142857143,3,0.428571428571429
"428","B.bassiana",3,0,2020-09-19,5,0,4,0.571428571428571
"429","B.bassiana",3,0,2020-09-19,5,0,4,0.571428571428571
"430","B.bassiana",4,1,2020-09-19,5,14.2857142857143,3,0.428571428571429
"431","B.bassiana",1,0,2020-09-19,5,0,6,0.857142857142857
"432","B.bassiana",4,0,2020-09-19,5,0,3,0.428571428571429
"433","B.bassiana",0,0,2020-09-19,5,0,7,1
"434","B.bassiana",2,0,2020-09-19,5,0,5,0.714285714285714
"435","B.bassiana",1,0,2020-09-19,5,0,6,0.857142857142857
"436","BotaniGard",3,2,2020-09-19,5,28.5714285714286,4,0.571428571428571
"437","BotaniGard",6,5,2020-09-19,5,71.4285714285714,1,0.142857142857143
"438","BotaniGard",5,3,2020-09-19,5,42.8571428571429,2,0.285714285714286
"439","BotaniGard",5,3,2020-09-19,5,42.8571428571429,2,0.285714285714286
"440","BotaniGard",3,2,2020-09-19,5,28.5714285714286,4,0.571428571428571
"441","BotaniGard",5,1,2020-09-19,5,14.2857142857143,2,0.285714285714286
"442","BotaniGard",5,4,2020-09-19,5,57.1428571428571,2,0.285714285714286
"443","BotaniGard",5,0,2020-09-19,5,0,2,0.285714285714286
"444","BotaniGard",4,2,2020-09-19,5,28.5714285714286,3,0.428571428571429
"445","BotaniGard",6,3,2020-09-19,5,42.8571428571429,1,0.142857142857143
"446","BotaniGard",5,3,2020-09-19,5,42.8571428571429,2,0.285714285714286
"447","BotaniGard",7,4,2020-09-19,5,57.1428571428571,0,0
"448","BotaniGard",6,3,2020-09-19,5,42.8571428571429,1,0.142857142857143
"449","BotaniGard",4,1,2020-09-19,5,14.2857142857143,3,0.428571428571429
"450","BotaniGard",5,3,2020-09-19,5,42.8571428571429,2,0.285714285714286
"451","C1",2,1,2020-09-19,5,14.2857142857143,5,0.714285714285714
"452","C1",4,1,2020-09-19,5,14.2857142857143,3,0.428571428571429
"453","C1",5,2,2020-09-19,5,28.5714285714286,2,0.285714285714286
"454","C1",7,0,2020-09-19,5,0,0,0
"455","C1",5,4,2020-09-19,5,57.1428571428571,2,0.285714285714286
"456","C1",6,2,2020-09-19,5,28.5714285714286,1,0.142857142857143
"457","C1",6,4,2020-09-19,5,57.1428571428571,1,0.142857142857143
"458","C1",6,2,2020-09-19,5,28.5714285714286,1,0.142857142857143
"459","C1",7,2,2020-09-19,5,28.5714285714286,0,0
"460","C1",5,0,2020-09-19,5,0,2,0.285714285714286
"461","C1",6,3,2020-09-19,5,42.8571428571429,1,0.142857142857143
"462","C1",6,0,2020-09-19,5,0,1,0.142857142857143
"463","C1",6,2,2020-09-19,5,28.5714285714286,1,0.142857142857143
"464","C1",6,3,2020-09-19,5,42.8571428571429,1,0.142857142857143
"465","C1",6,1,2020-09-19,5,14.2857142857143,1,0.142857142857143
"466","C2",5,5,2020-09-19,5,71.4285714285714,2,0.285714285714286
"467","C2",6,3,2020-09-19,5,42.8571428571429,1,0.142857142857143
"468","C2",7,4,2020-09-19,5,57.1428571428571,0,0
"469","C2",5,3,2020-09-19,5,42.8571428571429,2,0.285714285714286
"470","C2",5,0,2020-09-19,5,0,2,0.285714285714286
"471","C2",6,4,2020-09-19,5,57.1428571428571,1,0.142857142857143
"472","C2",7,4,2020-09-19,5,57.1428571428571,0,0
"473","C2",5,3,2020-09-19,5,42.8571428571429,2,0.285714285714286
"474","C2",7,2,2020-09-19,5,28.5714285714286,0,0
"475","C2",7,1,2020-09-19,5,14.2857142857143,0,0
"476","C2",6,4,2020-09-19,5,57.1428571428571,1,0.142857142857143
"477","C2",5,3,2020-09-19,5,42.8571428571429,2,0.285714285714286
"478","C2",6,3,2020-09-19,5,42.8571428571429,1,0.142857142857143
"479","C2",7,5,2020-09-19,5,71.4285714285714,0,0
"480","C2",5,3,2020-09-19,5,42.8571428571429,2,0.285714285714286
"481","C3",6,3,2020-09-19,5,42.8571428571429,1,0.142857142857143
"482","C3",6,4,2020-09-19,5,57.1428571428571,1,0.142857142857143
"483","C3",6,4,2020-09-19,5,57.1428571428571,1,0.142857142857143
"484","C3",6,2,2020-09-19,5,28.5714285714286,1,0.142857142857143
"485","C3",6,3,2020-09-19,5,42.8571428571429,1,0.142857142857143
"486","C3",7,4,2020-09-19,5,57.1428571428571,0,0
"487","C3",5,3,2020-09-19,5,42.8571428571429,2,0.285714285714286
"488","C3",6,4,2020-09-19,5,57.1428571428571,1,0.142857142857143
"489","C3",7,4,2020-09-19,5,57.1428571428571,0,0
"490","C3",6,4,2020-09-19,5,57.1428571428571,1,0.142857142857143
"491","C3",7,3,2020-09-19,5,42.8571428571429,0,0
"492","C3",7,6,2020-09-19,5,85.7142857142857,0,0
"493","C3",7,4,2020-09-19,5,57.1428571428571,0,0
"494","C3",6,4,2020-09-19,5,57.1428571428571,1,0.142857142857143
"495","C3",4,0,2020-09-19,5,0,3,0.428571428571429
"496","MycoMillet15",5,2,2020-09-19,5,28.5714285714286,2,0.285714285714286
"497","MycoMillet15",7,2,2020-09-19,5,28.5714285714286,0,0
"498","MycoMillet15",6,3,2020-09-19,5,42.8571428571429,1,0.142857142857143
"499","MycoMillet15",4,1,2020-09-19,5,14.2857142857143,3,0.428571428571429
"500","MycoMillet15",7,3,2020-09-19,5,42.8571428571429,0,0
"501","MycoMillet15",4,3,2020-09-19,5,42.8571428571429,3,0.428571428571429
"502","MycoMillet15",3,0,2020-09-19,5,0,4,0.571428571428571
"503","MycoMillet15",5,0,2020-09-19,5,0,2,0.285714285714286
"504","MycoMillet15",5,2,2020-09-19,5,28.5714285714286,2,0.285714285714286
"505","MycoMillet15",7,4,2020-09-19,5,57.1428571428571,0,0
"506","MycoMillet15",6,1,2020-09-19,5,14.2857142857143,1,0.142857142857143
"507","MycoMillet15",4,1,2020-09-19,5,14.2857142857143,3,0.428571428571429
"508","MycoMillet15",5,1,2020-09-19,5,14.2857142857143,2,0.285714285714286
"509","MycoMillet15",5,0,2020-09-19,5,0,2,0.285714285714286
"510","MycoMillet15",5,0,2020-09-19,5,0,2,0.285714285714286
"511","MycoMillet25",3,1,2020-09-19,5,14.2857142857143,4,0.571428571428571
"512","MycoMillet25",5,3,2020-09-19,5,42.8571428571429,2,0.285714285714286
"513","MycoMillet25",1,1,2020-09-19,5,14.2857142857143,6,0.857142857142857
"514","MycoMillet25",2,0,2020-09-19,5,0,5,0.714285714285714
"515","MycoMillet25",3,0,2020-09-19,5,0,4,0.571428571428571
"516","MycoMillet25",1,0,2020-09-19,5,0,6,0.857142857142857
"517","MycoMillet25",6,4,2020-09-19,5,57.1428571428571,1,0.142857142857143
"518","MycoMillet25",5,2,2020-09-19,5,28.5714285714286,2,0.285714285714286
"519","MycoMillet25",6,5,2020-09-19,5,71.4285714285714,1,0.142857142857143
"520","MycoMillet25",0,0,2020-09-19,5,0,7,1
"521","MycoMillet25",4,1,2020-09-19,5,14.2857142857143,3,0.428571428571429
"522","MycoMillet25",6,6,2020-09-19,5,85.7142857142857,1,0.142857142857143
"523","MycoMillet25",0,0,2020-09-19,5,0,7,1
"524","MycoMillet25",5,1,2020-09-19,5,14.2857142857143,2,0.285714285714286
"525","MycoMillet25",4,1,2020-09-19,5,14.2857142857143,3,0.428571428571429
"526","B.bassiana",0,0,2020-09-24,6,0,7,1
"527","B.bassiana",0,0,2020-09-24,6,0,7,1
"528","B.bassiana",0,0,2020-09-24,6,0,7,1
"529","B.bassiana",2,1,2020-09-24,6,14.2857142857143,5,0.714285714285714
"530","B.bassiana",2,0,2020-09-24,6,0,5,0.714285714285714
"531","B.bassiana",0,0,2020-09-24,6,0,7,1
"532","B.bassiana",3,1,2020-09-24,6,14.2857142857143,4,0.571428571428571
"533","B.bassiana",0,0,2020-09-24,6,0,7,1
"534","B.bassiana",0,0,2020-09-24,6,0,7,1
"535","B.bassiana",0,0,2020-09-24,6,0,7,1
"536","B.bassiana",1,0,2020-09-24,6,0,6,0.857142857142857
"537","B.bassiana",4,1,2020-09-24,6,14.2857142857143,3,0.428571428571429
"538","B.bassiana",0,0,2020-09-24,6,0,7,1
"539","B.bassiana",1,1,2020-09-24,6,14.2857142857143,6,0.857142857142857
"540","B.bassiana",0,0,2020-09-24,6,0,7,1
"541","BotaniGard",3,3,2020-09-24,6,42.8571428571429,4,0.571428571428571
"542","BotaniGard",6,6,2020-09-24,6,85.7142857142857,1,0.142857142857143
"543","BotaniGard",5,3,2020-09-24,6,42.8571428571429,2,0.285714285714286
"544","BotaniGard",0,0,2020-09-24,6,0,7,1
"545","BotaniGard",1,1,2020-09-24,6,14.2857142857143,6,0.857142857142857
"546","BotaniGard",0,0,2020-09-24,6,0,7,1
"547","BotaniGard",5,4,2020-09-24,6,57.1428571428571,2,0.285714285714286
"548","BotaniGard",5,1,2020-09-24,6,14.2857142857143,2,0.285714285714286
"549","BotaniGard",2,2,2020-09-24,6,28.5714285714286,5,0.714285714285714
"550","BotaniGard",6,4,2020-09-24,6,57.1428571428571,1,0.142857142857143
"551","BotaniGard",5,3,2020-09-24,6,42.8571428571429,2,0.285714285714286
"552","BotaniGard",7,4,2020-09-24,6,57.1428571428571,0,0
"553","BotaniGard",4,2,2020-09-24,6,28.5714285714286,3,0.428571428571429
"554","BotaniGard",4,1,2020-09-24,6,14.2857142857143,3,0.428571428571429
"555","BotaniGard",4,1,2020-09-24,6,14.2857142857143,3,0.428571428571429
"556","C1",0,0,2020-09-24,6,0,7,1
"557","C1",2,1,2020-09-24,6,14.2857142857143,5,0.714285714285714
"558","C1",4,3,2020-09-24,6,42.8571428571429,3,0.428571428571429
"559","C1",4,1,2020-09-24,6,14.2857142857143,3,0.428571428571429
"560","C1",5,4,2020-09-24,6,57.1428571428571,2,0.285714285714286
"561","C1",4,4,2020-09-24,6,57.1428571428571,3,0.428571428571429
"562","C1",2,2,2020-09-24,6,28.5714285714286,5,0.714285714285714
"563","C1",2,1,2020-09-24,6,14.2857142857143,5,0.714285714285714
"564","C1",6,3,2020-09-24,6,42.8571428571429,1,0.142857142857143
"565","C1",1,0,2020-09-24,6,0,6,0.857142857142857
"566","C1",6,3,2020-09-24,6,42.8571428571429,1,0.142857142857143
"567","C1",5,1,2020-09-24,6,14.2857142857143,2,0.285714285714286
"568","C1",4,1,2020-09-24,6,14.2857142857143,3,0.428571428571429
"569","C1",1,1,2020-09-24,6,14.2857142857143,6,0.857142857142857
"570","C1",6,2,2020-09-24,6,28.5714285714286,1,0.142857142857143
"571","C2",5,5,2020-09-24,6,71.4285714285714,2,0.285714285714286
"572","C2",6,4,2020-09-24,6,57.1428571428571,1,0.142857142857143
"573","C2",7,5,2020-09-24,6,71.4285714285714,0,0
"574","C2",5,5,2020-09-24,6,71.4285714285714,2,0.285714285714286
"575","C2",5,3,2020-09-24,6,42.8571428571429,2,0.285714285714286
"576","C2",6,5,2020-09-24,6,71.4285714285714,1,0.142857142857143
"577","C2",6,5,2020-09-24,6,71.4285714285714,1,0.142857142857143
"578","C2",5,3,2020-09-24,6,42.8571428571429,2,0.285714285714286
"579","C2",7,6,2020-09-24,6,85.7142857142857,0,0
"580","C2",7,5,2020-09-24,6,71.4285714285714,0,0
"581","C2",6,5,2020-09-24,6,71.4285714285714,1,0.142857142857143
"582","C2",5,4,2020-09-24,6,57.1428571428571,2,0.285714285714286
"583","C2",6,5,2020-09-24,6,71.4285714285714,1,0.142857142857143
"584","C2",7,6,2020-09-24,6,85.7142857142857,0,0
"585","C2",5,5,2020-09-24,6,71.4285714285714,2,0.285714285714286
"586","C3",6,4,2020-09-24,6,57.1428571428571,1,0.142857142857143
"587","C3",6,5,2020-09-24,6,71.4285714285714,1,0.142857142857143
"588","C3",6,6,2020-09-24,6,85.7142857142857,1,0.142857142857143
"589","C3",6,4,2020-09-24,6,57.1428571428571,1,0.142857142857143
"590","C3",6,6,2020-09-24,6,85.7142857142857,1,0.142857142857143
"591","C3",7,4,2020-09-24,6,57.1428571428571,0,0
"592","C3",5,4,2020-09-24,6,57.1428571428571,2,0.285714285714286
"593","C3",6,5,2020-09-24,6,71.4285714285714,1,0.142857142857143
"594","C3",7,6,2020-09-24,6,85.7142857142857,0,0
"595","C3",5,4,2020-09-24,6,57.1428571428571,2,0.285714285714286
"596","C3",7,7,2020-09-24,6,100,0,0
"597","C3",7,7,2020-09-24,6,100,0,0
"598","C3",7,4,2020-09-24,6,57.1428571428571,0,0
"599","C3",6,6,2020-09-24,6,85.7142857142857,1,0.142857142857143
"600","C3",4,1,2020-09-24,6,14.2857142857143,3,0.428571428571429
"601","MycoMillet15",5,4,2020-09-24,6,57.1428571428571,2,0.285714285714286
"602","MycoMillet15",3,1,2020-09-24,6,14.2857142857143,4,0.571428571428571
"603","MycoMillet15",6,4,2020-09-24,6,57.1428571428571,1,0.142857142857143
"604","MycoMillet15",4,1,2020-09-24,6,14.2857142857143,3,0.428571428571429
"605","MycoMillet15",7,4,2020-09-24,6,57.1428571428571,0,0
"606","MycoMillet15",4,4,2020-09-24,6,57.1428571428571,3,0.428571428571429
"607","MycoMillet15",3,0,2020-09-24,6,0,4,0.571428571428571
"608","MycoMillet15",5,0,2020-09-24,6,0,2,0.285714285714286
"609","MycoMillet15",3,2,2020-09-24,6,28.5714285714286,4,0.571428571428571
"610","MycoMillet15",7,6,2020-09-24,6,85.7142857142857,0,0
"611","MycoMillet15",6,1,2020-09-24,6,14.2857142857143,1,0.142857142857143
"612","MycoMillet15",4,1,2020-09-24,6,14.2857142857143,3,0.428571428571429
"613","MycoMillet15",4,0,2020-09-24,6,0,3,0.428571428571429
"614","MycoMillet15",4,0,2020-09-24,6,0,3,0.428571428571429
"615","MycoMillet15",4,0,2020-09-24,6,0,3,0.428571428571429
"616","MycoMillet25",0,0,2020-09-24,6,0,7,1
"617","MycoMillet25",4,3,2020-09-24,6,42.8571428571429,3,0.428571428571429
"618","MycoMillet25",1,1,2020-09-24,6,14.2857142857143,6,0.857142857142857
"619","MycoMillet25",0,0,2020-09-24,6,0,7,1
"620","MycoMillet25",3,0,2020-09-24,6,0,4,0.571428571428571
"621","MycoMillet25",0,0,2020-09-24,6,0,7,1
"622","MycoMillet25",6,5,2020-09-24,6,71.4285714285714,1,0.142857142857143
"623","MycoMillet25",4,3,2020-09-24,6,42.8571428571429,3,0.428571428571429
"624","MycoMillet25",6,5,2020-09-24,6,71.4285714285714,1,0.142857142857143
"625","MycoMillet25",0,0,2020-09-24,6,0,7,1
"626","MycoMillet25",4,2,2020-09-24,6,28.5714285714286,3,0.428571428571429
"627","MycoMillet25",6,6,2020-09-24,6,85.7142857142857,1,0.142857142857143
"628","MycoMillet25",0,0,2020-09-24,6,0,7,1
"629","MycoMillet25",1,0,2020-09-24,6,0,6,0.857142857142857
"630","MycoMillet25",2,2,2020-09-24,6,28.5714285714286,5,0.714285714285714
"631","B.bassiana",0,0,2020-09-27,7,0,7,1
"632","B.bassiana",0,0,2020-09-27,7,0,7,1
"633","B.bassiana",0,0,2020-09-27,7,0,7,1
"634","B.bassiana",2,1,2020-09-27,7,14.2857142857143,5,0.714285714285714
"635","B.bassiana",0,0,2020-09-27,7,0,7,1
"636","B.bassiana",0,0,2020-09-27,7,0,7,1
"637","B.bassiana",1,1,2020-09-27,7,14.2857142857143,6,0.857142857142857
"638","B.bassiana",0,0,2020-09-27,7,0,7,1
"639","B.bassiana",0,0,2020-09-27,7,0,7,1
"640","B.bassiana",0,0,2020-09-27,7,0,7,1
"641","B.bassiana",0,0,2020-09-27,7,0,7,1
"642","B.bassiana",3,0,2020-09-27,7,0,4,0.571428571428571
"643","B.bassiana",0,0,2020-09-27,7,0,7,1
"644","B.bassiana",0,0,2020-09-27,7,0,7,1
"645","B.bassiana",0,0,2020-09-27,7,0,7,1
"646","BotaniGard",3,3,2020-09-27,7,42.8571428571429,4,0.571428571428571
"647","BotaniGard",6,6,2020-09-27,7,85.7142857142857,1,0.142857142857143
"648","BotaniGard",5,3,2020-09-27,7,42.8571428571429,2,0.285714285714286
"649","BotaniGard",0,0,2020-09-27,7,0,7,1
"650","BotaniGard",1,1,2020-09-27,7,14.2857142857143,6,0.857142857142857
"651","BotaniGard",0,0,2020-09-27,7,0,7,1
"652","BotaniGard",5,4,2020-09-27,7,57.1428571428571,2,0.285714285714286
"653","BotaniGard",5,1,2020-09-27,7,14.2857142857143,2,0.285714285714286
"654","BotaniGard",0,0,2020-09-27,7,0,7,1
"655","BotaniGard",4,3,2020-09-27,7,42.8571428571429,3,0.428571428571429
"656","BotaniGard",4,4,2020-09-27,7,57.1428571428571,3,0.428571428571429
"657","BotaniGard",7,4,2020-09-27,7,57.1428571428571,0,0
"658","BotaniGard",4,2,2020-09-27,7,28.5714285714286,3,0.428571428571429
"659","BotaniGard",2,1,2020-09-27,7,14.2857142857143,5,0.714285714285714
"660","BotaniGard",1,0,2020-09-27,7,0,6,0.857142857142857
"661","C1",0,0,2020-09-27,7,0,7,1
"662","C1",2,1,2020-09-27,7,14.2857142857143,5,0.714285714285714
"663","C1",4,3,2020-09-27,7,42.8571428571429,3,0.428571428571429
"664","C1",4,1,2020-09-27,7,14.2857142857143,3,0.428571428571429
"665","C1",5,5,2020-09-27,7,71.4285714285714,2,0.285714285714286
"666","C1",1,1,2020-09-27,7,14.2857142857143,6,0.857142857142857
"667","C1",1,1,2020-09-27,7,14.2857142857143,6,0.857142857142857
"668","C1",2,1,2020-09-27,7,14.2857142857143,5,0.714285714285714
"669","C1",4,3,2020-09-27,7,42.8571428571429,3,0.428571428571429
"670","C1",1,0,2020-09-27,7,0,6,0.857142857142857
"671","C1",5,3,2020-09-27,7,42.8571428571429,2,0.285714285714286
"672","C1",4,1,2020-09-27,7,14.2857142857143,3,0.428571428571429
"673","C1",2,1,2020-09-27,7,14.2857142857143,5,0.714285714285714
"674","C1",1,1,2020-09-27,7,14.2857142857143,6,0.857142857142857
"675","C1",5,2,2020-09-27,7,28.5714285714286,2,0.285714285714286
"676","C2",5,5,2020-09-27,7,71.4285714285714,2,0.285714285714286
"677","C2",6,5,2020-09-27,7,71.4285714285714,1,0.142857142857143
"678","C2",7,5,2020-09-27,7,71.4285714285714,0,0
"679","C2",5,4,2020-09-27,7,57.1428571428571,2,0.285714285714286
"680","C2",4,3,2020-09-27,7,42.8571428571429,3,0.428571428571429
"681","C2",6,5,2020-09-27,7,71.4285714285714,1,0.142857142857143
"682","C2",7,6,2020-09-27,7,85.7142857142857,0,0
"683","C2",5,3,2020-09-27,7,42.8571428571429,2,0.285714285714286
"684","C2",7,6,2020-09-27,7,85.7142857142857,0,0
"685","C2",7,5,2020-09-27,7,71.4285714285714,0,0
"686","C2",6,5,2020-09-27,7,71.4285714285714,1,0.142857142857143
"687","C2",5,5,2020-09-27,7,71.4285714285714,2,0.285714285714286
"688","C2",6,5,2020-09-27,7,71.4285714285714,1,0.142857142857143
"689","C2",7,6,2020-09-27,7,85.7142857142857,0,0
"690","C2",5,5,2020-09-27,7,71.4285714285714,2,0.285714285714286
"691","C3",6,4,2020-09-27,7,57.1428571428571,1,0.142857142857143
"692","C3",6,6,2020-09-27,7,85.7142857142857,1,0.142857142857143
"693","C3",6,6,2020-09-27,7,85.7142857142857,1,0.142857142857143
"694","C3",5,4,2020-09-27,7,57.1428571428571,2,0.285714285714286
"695","C3",6,6,2020-09-27,7,85.7142857142857,1,0.142857142857143
"696","C3",7,5,2020-09-27,7,71.4285714285714,0,0
"697","C3",5,4,2020-09-27,7,57.1428571428571,2,0.285714285714286
"698","C3",6,5,2020-09-27,7,71.4285714285714,1,0.142857142857143
"699","C3",7,6,2020-09-27,7,85.7142857142857,0,0
"700","C3",5,4,2020-09-27,7,57.1428571428571,2,0.285714285714286
"701","C3",7,6,2020-09-27,7,85.7142857142857,0,0
"702","C3",6,6,2020-09-27,7,85.7142857142857,1,0.142857142857143
"703","C3",5,4,2020-09-27,7,57.1428571428571,2,0.285714285714286
"704","C3",6,6,2020-09-27,7,85.7142857142857,1,0.142857142857143
"705","C3",4,0,2020-09-27,7,0,3,0.428571428571429
"706","MycoMillet15",5,4,2020-09-27,7,57.1428571428571,2,0.285714285714286
"707","MycoMillet15",3,1,2020-09-27,7,14.2857142857143,4,0.571428571428571
"708","MycoMillet15",6,4,2020-09-27,7,57.1428571428571,1,0.142857142857143
"709","MycoMillet15",4,1,2020-09-27,7,14.2857142857143,3,0.428571428571429
"710","MycoMillet15",7,5,2020-09-27,7,71.4285714285714,0,0
"711","MycoMillet15",4,4,2020-09-27,7,57.1428571428571,3,0.428571428571429
"712","MycoMillet15",3,2,2020-09-27,7,28.5714285714286,4,0.571428571428571
"713","MycoMillet15",5,0,2020-09-27,7,0,2,0.285714285714286
"714","MycoMillet15",2,1,2020-09-27,7,14.2857142857143,5,0.714285714285714
"715","MycoMillet15",7,4,2020-09-27,7,57.1428571428571,0,0
"716","MycoMillet15",6,1,2020-09-27,7,14.2857142857143,1,0.142857142857143
"717","MycoMillet15",4,1,2020-09-27,7,14.2857142857143,3,0.428571428571429
"718","MycoMillet15",4,0,2020-09-27,7,0,3,0.428571428571429
"719","MycoMillet15",4,0,2020-09-27,7,0,3,0.428571428571429
"720","MycoMillet15",4,0,2020-09-27,7,0,3,0.428571428571429
"721","MycoMillet25",0,0,2020-09-27,7,0,7,1
"722","MycoMillet25",4,3,2020-09-27,7,42.8571428571429,3,0.428571428571429
"723","MycoMillet25",1,1,2020-09-27,7,14.2857142857143,6,0.857142857142857
"724","MycoMillet25",0,0,2020-09-27,7,0,7,1
"725","MycoMillet25",1,1,2020-09-27,7,14.2857142857143,6,0.857142857142857
"726","MycoMillet25",0,0,2020-09-27,7,0,7,1
"727","MycoMillet25",5,4,2020-09-27,7,57.1428571428571,2,0.285714285714286
"728","MycoMillet25",4,3,2020-09-27,7,42.8571428571429,3,0.428571428571429
"729","MycoMillet25",5,4,2020-09-27,7,57.1428571428571,2,0.285714285714286
"730","MycoMillet25",0,0,2020-09-27,7,0,7,1
"731","MycoMillet25",4,2,2020-09-27,7,28.5714285714286,3,0.428571428571429
"732","MycoMillet25",6,6,2020-09-27,7,85.7142857142857,1,0.142857142857143
"733","MycoMillet25",0,0,2020-09-27,7,0,7,1
"734","MycoMillet25",0,0,2020-09-27,7,0,7,1
"735","MycoMillet25",3,2,2020-09-27,7,28.5714285714286,4,0.571428571428571
"736","B.bassiana",0,0,2020-10-01,8,0,7,1
"737","B.bassiana",0,0,2020-10-01,8,0,7,1
"738","B.bassiana",0,0,2020-10-01,8,0,7,1
"739","B.bassiana",2,2,2020-10-01,8,28.5714285714286,5,0.714285714285714
"740","B.bassiana",0,0,2020-10-01,8,0,7,1
"741","B.bassiana",0,0,2020-10-01,8,0,7,1
"742","B.bassiana",0,0,2020-10-01,8,0,7,1
"743","B.bassiana",0,0,2020-10-01,8,0,7,1
"744","B.bassiana",0,0,2020-10-01,8,0,7,1
"745","B.bassiana",0,0,2020-10-01,8,0,7,1
"746","B.bassiana",0,0,2020-10-01,8,0,7,1
"747","B.bassiana",2,0,2020-10-01,8,0,5,0.714285714285714
"748","B.bassiana",0,0,2020-10-01,8,0,7,1
"749","B.bassiana",0,0,2020-10-01,8,0,7,1
"750","B.bassiana",0,0,2020-10-01,8,0,7,1
"751","BotaniGard",3,3,2020-10-01,8,42.8571428571429,4,0.571428571428571
"752","BotaniGard",6,6,2020-10-01,8,85.7142857142857,1,0.142857142857143
"753","BotaniGard",4,3,2020-10-01,8,42.8571428571429,3,0.428571428571429
"754","BotaniGard",0,0,2020-10-01,8,0,7,1
"755","BotaniGard",1,1,2020-10-01,8,14.2857142857143,6,0.857142857142857
"756","BotaniGard",0,0,2020-10-01,8,0,7,1
"757","BotaniGard",5,4,2020-10-01,8,57.1428571428571,2,0.285714285714286
"758","BotaniGard",5,1,2020-10-01,8,14.2857142857143,2,0.285714285714286
"759","BotaniGard",0,0,2020-10-01,8,0,7,1
"760","BotaniGard",4,3,2020-10-01,8,42.8571428571429,3,0.428571428571429
"761","BotaniGard",4,4,2020-10-01,8,57.1428571428571,3,0.428571428571429
"762","BotaniGard",7,4,2020-10-01,8,57.1428571428571,0,0
"763","BotaniGard",4,3,2020-10-01,8,42.8571428571429,3,0.428571428571429
"764","BotaniGard",0,0,2020-10-01,8,0,7,1
"765","BotaniGard",0,0,2020-10-01,8,0,7,1
"766","C1",0,0,2020-10-01,8,0,7,1
"767","C1",1,1,2020-10-01,8,14.2857142857143,6,0.857142857142857
"768","C1",3,3,2020-10-01,8,42.8571428571429,4,0.571428571428571
"769","C1",4,1,2020-10-01,8,14.2857142857143,3,0.428571428571429
"770","C1",5,5,2020-10-01,8,71.4285714285714,2,0.285714285714286
"771","C1",1,1,2020-10-01,8,14.2857142857143,6,0.857142857142857
"772","C1",1,1,2020-10-01,8,14.2857142857143,6,0.857142857142857
"773","C1",0,0,2020-10-01,8,0,7,1
"774","C1",4,3,2020-10-01,8,42.8571428571429,3,0.428571428571429
"775","C1",0,0,2020-10-01,8,0,7,1
"776","C1",4,3,2020-10-01,8,42.8571428571429,3,0.428571428571429
"777","C1",1,0,2020-10-01,8,0,6,0.857142857142857
"778","C1",1,1,2020-10-01,8,14.2857142857143,6,0.857142857142857
"779","C1",0,0,2020-10-01,8,0,7,1
"780","C1",5,2,2020-10-01,8,28.5714285714286,2,0.285714285714286
"781","C2",5,5,2020-10-01,8,71.4285714285714,2,0.285714285714286
"782","C2",6,6,2020-10-01,8,85.7142857142857,1,0.142857142857143
"783","C2",7,5,2020-10-01,8,71.4285714285714,0,0
"784","C2",5,5,2020-10-01,8,71.4285714285714,2,0.285714285714286
"785","C2",4,3,2020-10-01,8,42.8571428571429,3,0.428571428571429
"786","C2",6,6,2020-10-01,8,85.7142857142857,1,0.142857142857143
"787","C2",7,7,2020-10-01,8,100,0,0
"788","C2",5,4,2020-10-01,8,57.1428571428571,2,0.285714285714286
"789","C2",7,6,2020-10-01,8,85.7142857142857,0,0
"790","C2",7,7,2020-10-01,8,100,0,0
"791","C2",6,5,2020-10-01,8,71.4285714285714,1,0.142857142857143
"792","C2",5,4,2020-10-01,8,57.1428571428571,2,0.285714285714286
"793","C2",6,5,2020-10-01,8,71.4285714285714,1,0.142857142857143
"794","C2",7,6,2020-10-01,8,85.7142857142857,0,0
"795","C2",5,5,2020-10-01,8,71.4285714285714,2,0.285714285714286
"796","C3",6,5,2020-10-01,8,71.4285714285714,1,0.142857142857143
"797","C3",6,6,2020-10-01,8,85.7142857142857,1,0.142857142857143
"798","C3",6,6,2020-10-01,8,85.7142857142857,1,0.142857142857143
"799","C3",5,4,2020-10-01,8,57.1428571428571,2,0.285714285714286
"800","C3",6,6,2020-10-01,8,85.7142857142857,1,0.142857142857143
"801","C3",6,5,2020-10-01,8,71.4285714285714,1,0.142857142857143
"802","C3",5,4,2020-10-01,8,57.1428571428571,2,0.285714285714286
"803","C3",6,5,2020-10-01,8,71.4285714285714,1,0.142857142857143
"804","C3",7,6,2020-10-01,8,85.7142857142857,0,0
"805","C3",5,4,2020-10-01,8,57.1428571428571,2,0.285714285714286
"806","C3",7,7,2020-10-01,8,100,0,0
"807","C3",6,6,2020-10-01,8,85.7142857142857,1,0.142857142857143
"808","C3",4,4,2020-10-01,8,57.1428571428571,3,0.428571428571429
"809","C3",6,5,2020-10-01,8,71.4285714285714,1,0.142857142857143
"810","C3",4,0,2020-10-01,8,0,3,0.428571428571429
"811","MycoMillet15",4,4,2020-10-01,8,57.1428571428571,3,0.428571428571429
"812","MycoMillet15",3,1,2020-10-01,8,14.2857142857143,4,0.571428571428571
"813","MycoMillet15",6,4,2020-10-01,8,57.1428571428571,1,0.142857142857143
"814","MycoMillet15",4,3,2020-10-01,8,42.8571428571429,3,0.428571428571429
"815","MycoMillet15",7,6,2020-10-01,8,85.7142857142857,0,0
"816","MycoMillet15",4,4,2020-10-01,8,57.1428571428571,3,0.428571428571429
"817","MycoMillet15",3,2,2020-10-01,8,28.5714285714286,4,0.571428571428571
"818","MycoMillet15",4,0,2020-10-01,8,0,3,0.428571428571429
"819","MycoMillet15",2,1,2020-10-01,8,14.2857142857143,5,0.714285714285714
"820","MycoMillet15",7,4,2020-10-01,8,57.1428571428571,0,0
"821","MycoMillet15",1,1,2020-10-01,8,14.2857142857143,6,0.857142857142857
"822","MycoMillet15",4,4,2020-10-01,8,57.1428571428571,3,0.428571428571429
"823","MycoMillet15",3,0,2020-10-01,8,0,4,0.571428571428571
"824","MycoMillet15",4,1,2020-10-01,8,14.2857142857143,3,0.428571428571429
"825","MycoMillet15",1,0,2020-10-01,8,0,6,0.857142857142857
"826","MycoMillet25",0,0,2020-10-01,8,0,7,1
"827","MycoMillet25",4,3,2020-10-01,8,42.8571428571429,3,0.428571428571429
"828","MycoMillet25",1,1,2020-10-01,8,14.2857142857143,6,0.857142857142857
"829","MycoMillet25",0,0,2020-10-01,8,0,7,1
"830","MycoMillet25",1,1,2020-10-01,8,14.2857142857143,6,0.857142857142857
"831","MycoMillet25",0,0,2020-10-01,8,0,7,1
"832","MycoMillet25",5,4,2020-10-01,8,57.1428571428571,2,0.285714285714286
"833","MycoMillet25",4,2,2020-10-01,8,28.5714285714286,3,0.428571428571429
"834","MycoMillet25",5,4,2020-10-01,8,57.1428571428571,2,0.285714285714286
"835","MycoMillet25",0,0,2020-10-01,8,0,7,1
"836","MycoMillet25",4,4,2020-10-01,8,57.1428571428571,3,0.428571428571429
"837","MycoMillet25",6,6,2020-10-01,8,85.7142857142857,1,0.142857142857143
"838","MycoMillet25",0,0,2020-10-01,8,0,7,1
"839","MycoMillet25",0,0,2020-10-01,8,0,7,1
"840","MycoMillet25",2,2,2020-10-01,8,28.5714285714286,5,0.714285714285714
